id,codigo,nome,tipo,ativo,ID_CORBAN,DIVISAO,createdAt,updatedAt
1,l1,PLAY MONEY,INFLUENCER,true,859,,2026-01-05T17:43:31.000Z,2026-01-22T15:17:37.865Z
2,l2,LIVIA BOCATO,INFLUENCER,true,857,,2026-01-05T17:43:31.048Z,2026-01-22T15:17:50.070Z
3,m2,MONETIZANDO,INFLUENCER,true,854,,2026-01-05T17:43:31.075Z,2026-01-22T15:18:01.499Z
4,g1,GILMAR LOSSA,INFLUENCER,true,858,,2026-01-05T17:43:31.107Z,2026-01-22T15:18:09.131Z
5,j2,JUNIOR VIEIRA,INFLUENCER,true,877,,2026-01-05T17:43:31.144Z,2026-01-22T15:18:17.360Z
6,l3,LILIANA,INFLUENCER,true,875,,2026-01-05T17:43:31.170Z,2026-01-22T15:18:25.041Z
7,j1,JEFERSON VALLIM,INFLUENCER,true,855,,2026-01-05T17:43:31.202Z,2026-01-22T15:18:32.489Z
8,c1,CELSO YUTAKA,INFLUENCER,true,871,,2026-01-05T17:43:31.248Z,2026-01-22T15:18:45.325Z
9,w1,WESLEY PEREIRA,INFLUENCER,true,892,,2026-01-05T17:43:31.275Z,2026-01-22T15:19:09.646Z
10,m3,MAICON RISSI,INFLUENCER,true,888,,2026-01-05T17:43:31.301Z,2026-01-22T15:19:18.018Z
11,r1,RENATO MEDEIROS,INFLUENCER,true,883,,2026-01-05T17:43:31.328Z,2026-01-22T15:19:24.438Z
12,m4,MATEUS FREITAS,INFLUENCER,true,860,,2026-01-05T17:43:31.361Z,2026-01-22T15:20:23.321Z
13,a1,AH ON,INFLUENCER,true,2344,,2026-01-05T17:43:31.401Z,2026-01-22T15:20:42.605Z
14,k1,KÉSIA PRATES,INFLUENCER,true,6964,,2026-01-05T17:43:31.437Z,2026-01-22T15:21:16.473Z
15,d4,DÉBORA FLORENZANO,INFLUENCER,true,1195,,2026-01-05T17:43:31.465Z,2026-01-22T15:21:31.824Z
16,b1,THIAGO BARBOZA,INFLUENCER,true,1100,,2026-01-05T17:43:31.490Z,2026-01-22T15:21:43.203Z
17,e3,EDUARDO FELDBERG,INFLUENCER,true,5333,,2026-01-05T17:43:31.514Z,2026-01-22T15:21:51.603Z
18,i6,IRMÃOS PIOLOGO,INFLUENCER,true,865,,2026-01-05T17:43:31.537Z,2026-01-22T15:21:58.284Z
19,a3,ANA BOCHI,INFLUENCER,true,885,,2026-01-05T17:43:31.565Z,2026-01-22T15:22:04.554Z
20,t3,TUBARÃO DA BOLSA,INFLUENCER,true,884,,2026-01-05T17:43:31.587Z,2026-01-22T15:22:10.030Z
21,b3,BRUNO BRANDÃO,INFLUENCER,true,1661,,2026-01-05T17:43:31.608Z,2026-01-22T15:22:22.190Z
22,r2,RODRIGO GALATI,INFLUENCER,true,1055,,2026-01-05T17:43:31.632Z,2026-01-22T15:22:34.492Z
23,r3,RAFAEL RIBEIRO,INFLUENCER,true,864,,2026-01-05T17:43:31.655Z,2026-01-22T15:22:41.609Z
24,d1,DOUGLAS DE CAMARGOS,INFLUENCER,true,863,,2026-01-05T17:43:31.682Z,2026-01-22T15:22:46.987Z
25,w2,WEBLAET,INFLUENCER,true,861,,2026-01-05T17:43:31.721Z,2026-01-22T15:22:59.513Z
26,d2,DÉBORA REIS,INFLUENCER,true,876,,2026-01-05T17:43:31.757Z,2026-01-22T15:23:09.480Z
27,i1,IVÃ ARAUJO,INFLUENCER,true,867,,2026-01-05T17:43:31.790Z,2026-01-22T15:23:37.505Z
28,w3,WESLEY MARTINS,INFLUENCER,true,862,,2026-01-05T17:43:31.818Z,2026-01-22T15:23:44.319Z
29,j3,JOSUÉ ARAGÃO,INFLUENCER,true,866,,2026-01-05T17:43:31.850Z,2026-01-22T15:23:57.681Z
30,l4,LUCRO FC,INFLUENCER,true,1272,,2026-01-05T17:43:31.884Z,2026-01-22T15:24:04.852Z
31,e1,ELISA MIRANDA,INFLUENCER,true,4591,,2026-01-05T17:43:31.918Z,2026-01-22T15:24:11.348Z
32,r5,RICOS DE NEGOCIOS,INFLUENCER,true,5318,,2026-01-05T17:43:31.957Z,2026-01-22T15:24:17.344Z
33,e2,DR. EQUILIBRIO,INFLUENCER,true,5638,,2026-01-05T17:43:31.999Z,2026-01-22T15:24:58.756Z
34,f1,FINANCEIRO REAL,INFLUENCER,true,5774,,2026-01-05T17:43:32.052Z,2026-01-22T15:25:10.333Z
35,g2,GUSTAVO DE CASTRO,INFLUENCER,true,5977,,2026-01-05T17:43:32.077Z,2026-01-22T15:26:00.994Z
36,t2,TIRRA,INFLUENCER,true,893,,2026-01-05T17:43:32.109Z,2026-01-22T15:26:07.760Z
37,n1,NERDS,CANAL,true,853,,2026-01-05T17:43:32.164Z,2026-01-22T15:26:18.444Z
38,n2,EI NERD,CANAL,true,,,2026-01-05T17:43:32.188Z,2026-01-22T15:27:05.620Z
39,d3,DANI MENGUE,INFLUENCER,true,3591,,2026-01-05T17:43:32.212Z,2026-01-22T15:27:05.602Z
40,b2,BRUNO OM,INFLUENCER,true,4589,,2026-01-05T17:43:32.234Z,2026-01-22T15:27:13.180Z
41,i2,INGRED BAHIA,INFLUENCER,true,4794,,2026-01-05T17:43:32.253Z,2026-01-22T15:27:28.486Z
42,l5,LUCAS MATHEUS,INFLUENCER,true,5136,,2026-01-05T17:43:32.272Z,2026-01-22T15:27:35.414Z
43,i7,ISAAC MOREIRA,INFLUENCER,true,5554,,2026-01-05T17:43:32.293Z,2026-01-22T15:27:41.953Z
44,i3,INVESTIR É FACIL,INFLUENCER,true,5673,,2026-01-05T17:43:32.314Z,2026-01-22T15:27:53.056Z
45,l6,LARISSA LOPES,INFLUENCER,true,5680,,2026-01-05T17:43:32.340Z,2026-01-22T15:27:58.919Z
46,a2,ALICE SANTOS,INFLUENCER,true,5721,,2026-01-05T17:43:32.361Z,2026-01-22T15:28:05.480Z
47,a4,ACESSO CREDITO,INFLUENCER,true,5700,,2026-01-05T17:43:32.383Z,2026-01-22T15:28:13.020Z
48,r4,RICARDO REIS,INFLUENCER,true,5847,,2026-01-05T17:43:32.415Z,2026-01-22T15:28:21.708Z
49,i4,IZABEL,INFLUENCER,true,5999,,2026-01-05T17:43:32.476Z,2026-05-25T21:01:29.953Z
50,c2,CCA ARTEFATOS DE CIMENTO,INFLUENCER,true,6072,,2026-01-05T17:43:32.681Z,2026-01-22T15:28:50.489Z
51,j4,JP AZEVEDO,INFLUENCER,true,6028,,2026-01-05T17:43:33.100Z,2026-01-22T15:28:56.910Z
52,h1,HUDISON MIGUEL,INFLUENCER,true,6067,,2026-01-05T17:43:33.166Z,2026-01-22T15:29:05.370Z
53,i5,IDEIAS PARA NEGOCIOS,INFLUENCER,true,6508,,2026-01-05T17:43:33.190Z,2026-01-22T15:29:13.852Z
54,p1,PRIMO POBRE,INFLUENCER,true,856,,2026-01-05T17:43:33.211Z,2026-01-22T15:29:20.265Z
55,j5,JUNIOR ARRAIS,INFLUENCER,true,3670,,2026-01-05T17:43:33.231Z,2026-01-22T15:29:30.034Z
56,m1,ANUNCIO M1,TRAFEGO,true,6133,,2026-01-05T17:43:33.259Z,2026-04-14T12:37:45.585Z
57,ac1,ANUNCIO CLT 1,TRAFEGO,true,6142,,2026-01-05T17:43:33.290Z,2026-04-14T12:37:48.352Z
58,l7,LIPE BATISTA,INFLUENCER,true,5916,,2026-01-05T17:43:33.319Z,2026-01-22T15:30:38.760Z
59,l8,LUENSINA,INFLUENCER,true,6069,,2026-01-05T17:43:33.338Z,2026-01-22T15:30:45.275Z
60,g3,GERAÇÃO DIVIDENDOS,INFLUENCER,true,5612,,2026-01-05T17:43:33.365Z,2026-01-22T15:30:52.016Z
61,p2,POBRE SHOW,INFLUENCER,true,1114,,2026-01-05T17:43:33.390Z,2026-01-22T15:31:25.167Z
62,r6,RICARDO NATALI,INFLUENCER,true,5388,,2026-01-05T17:43:33.417Z,2026-01-22T15:31:39.746Z
63,t5,TN INVEST,INFLUENCER,true,4802,,2026-01-05T17:43:33.445Z,2026-01-22T15:31:42.731Z
64,r7,RIQUEZA,INFLUENCER,true,2779,,2026-01-05T17:43:33.482Z,2026-01-22T15:31:53.060Z
65,t4,TCAR,INFLUENCER,true,5417,,2026-01-05T17:43:33.511Z,2026-01-22T15:31:58.850Z
66,i8,INSTAGRAM,CANAL,true,1047,,2026-01-05T17:43:33.538Z,2026-01-22T15:32:18.542Z
67,t6,TECH WORLD,CANAL,true,6177,,2026-01-05T17:43:33.556Z,2026-01-22T15:32:19.559Z
68,t7,TIK TOK NHP,CANAL,true,1271,,2026-01-05T17:43:33.577Z,2026-01-22T15:32:30.289Z
69,y1,YOUTUBE,CANAL,true,6146,,2026-01-05T17:43:33.599Z,2026-01-22T15:32:42.143Z
70,s1,SMS,CANAL,true,1255,,2026-01-05T17:43:33.622Z,2026-01-22T15:32:49.164Z
71,s2,SITE,CANAL,true,1050,,2026-01-05T17:43:33.646Z,2026-01-22T15:32:58.266Z
72,n3,NERDS,INFLUENCER,true,853,,2026-01-05T17:43:33.669Z,2026-01-22T15:33:21.824Z
73,n4,NERDS,INFLUENCER,true,853,,2026-01-05T17:43:33.691Z,2026-01-22T15:33:34.992Z
74,m5,MINEIRINHO INVESTIDOR,INFLUENCER,true,6258,,2026-01-05T17:43:33.717Z,2026-01-22T15:33:36.034Z
75,h2,HENRIQUE HOVA,INFLUENCER,true,6256,,2026-01-05T17:43:33.738Z,2026-01-22T15:33:51.833Z
76,n5,NEURALIZANDO,INFLUENCER,true,886,,2026-01-05T17:43:33.765Z,2026-01-22T15:34:00.507Z
77,g4,GLEICKA OLIVEIRA,INFLUENCER,true,6205,,2026-01-05T17:43:33.788Z,2026-01-22T15:34:08.521Z
78,i9,IAe Milionário,INFLUENCER,true,6188,,2026-01-05T17:43:33.813Z,2026-01-22T15:34:17.716Z
79,p3,DUDA FELDBERG,INFLUENCER,true,6337,,2026-01-05T17:43:33.837Z,2026-01-22T15:34:26.595Z
80,s3,ISAIAS SILVA,INFLUENCER,true,6352,,2026-01-05T17:43:33.860Z,2026-01-22T15:34:35.816Z
81,p4,PITER,INFLUENCER,true,6370,,2026-01-05T17:43:33.882Z,2026-01-22T15:35:28.596Z
82,f2,FACEBOOK NHP,CANAL,true,1048,,2026-01-05T17:43:33.906Z,2026-01-22T15:35:35.212Z
83,j6,JOVENS,INFLUENCER,true,6393,,2026-01-05T17:43:33.928Z,2026-01-22T15:35:48.075Z
84,a5,APOSENTADO,PUBLICO,true,3652,,2026-01-05T17:43:33.955Z,2026-01-22T15:35:56.394Z
85,g5,GILSON MORAES,INFLUENCER,true,5251,,2026-01-05T17:43:33.981Z,2026-01-22T15:35:58.457Z
86,r8,RENATA ROMANO,INFLUENCER,true,6264,,2026-01-05T17:43:34.007Z,2026-01-22T15:36:34.266Z
87,p5,PAMMELA,INFLUENCER,true,5952,,2026-01-05T17:43:34.035Z,2026-01-22T15:36:45.796Z
88,e4,EVERTON,INFLUENCER,true,902,,2026-01-05T17:43:34.058Z,2026-01-22T15:38:29.130Z
89,p6,PETER JORDAN,INFLUENCER,true,1438,,2026-01-05T17:43:34.079Z,2026-01-22T15:38:39.370Z
90,m6,O MILIONARIO,INFLUENCER,true,1199,,2026-01-05T17:43:34.101Z,2026-01-22T15:38:45.865Z
91,s4,SAVIO AUGUSTO,INFLUENCER,true,895,,2026-01-05T17:43:34.126Z,2026-01-22T15:38:52.688Z
92,w4,WESLEY INVESTIDOR,INFLUENCER,true,,,2026-01-05T17:43:34.146Z,2026-01-05T17:43:47.960Z
93,s5,SUPORTE,CANAL,true,6554,,2026-01-05T17:43:34.168Z,2026-01-22T15:39:43.816Z
94,c3,Casal Mineiro,INFLUENCER,true,4881,,2026-01-05T17:43:34.187Z,2026-01-22T15:39:57.114Z
95,b4,BRENNO WILLEM,INFLUENCER,true,3135,,2026-01-05T17:43:34.209Z,2026-01-22T15:40:26.238Z
96,l9,LIDIA DUARTE,INFLUENCER,true,1207,,2026-01-05T17:43:34.233Z,2026-01-22T15:40:27.501Z
97,j7,JEFINANCAS,INFLUENCER,true,5450,,2026-01-05T17:43:34.254Z,2026-01-22T15:41:11.283Z
98,s6,SALIM NOTICIAS,INFLUENCER,true,6454,,2026-01-05T17:43:34.278Z,2026-01-22T15:41:41.793Z
99,j8,JOHN PABLO,INFLUENCER,true,6466,,2026-01-05T17:43:34.300Z,2026-01-22T15:41:43.239Z
100,c4,CARO INVESTIDOR,INFLUENCER,true,6470,,2026-01-05T17:43:34.348Z,2026-01-22T15:41:51.937Z
101,d5,SETOR DE TESTES,INTERNO,true,,,2026-01-05T17:43:34.374Z,2026-01-05T17:43:48.139Z
102,a6,O BRASIL QUE EU QUERO,INFLUENCER,true,6532,,2026-01-05T17:43:34.396Z,2026-01-22T15:44:46.643Z
103,p7,PEIXER INVESTIDOR,INFLUENCER,true,6552,,2026-01-05T17:43:34.417Z,2026-01-22T15:44:59.616Z
104,j9,JOHN COSTA,INFLUENCER,true,6584,,2026-01-05T17:43:34.447Z,2026-01-22T15:45:07.953Z
105,v1,IRMÃOS INVESTIDORES,INFLUENCER,true,6593,,2026-01-05T17:43:34.478Z,2026-01-22T15:46:04.710Z
106,f3,FINPROFIT JOSÉ,INFLUENCER,true,6595,,2026-01-05T17:43:34.500Z,2026-01-22T15:46:15.159Z
107,b05,DISPARO BROTHER,REMARKETING,true,6682,,2026-01-05T17:43:34.522Z,2026-04-14T12:54:08.568Z
108,d6,DANIEL MARTINS,INFLUENCER,true,869,,2026-01-05T17:43:34.544Z,2026-01-22T15:46:35.594Z
109,v2,VALTER DOS SANTOS,INFLUENCER,true,873,,2026-01-05T17:43:34.566Z,2026-01-22T15:46:47.347Z
110,g6,GOOGLE,CANAL,true,1049,,2026-01-05T17:43:34.585Z,2026-01-22T15:46:55.678Z
111,h3,HORA DE RENDA,INFLUENCER,true,894,,2026-01-05T17:43:34.604Z,2026-01-22T15:47:06.254Z
112,t8,TUTORIAL DE MESTRE,INFLUENCER,true,,,2026-01-05T17:43:34.621Z,2026-01-05T17:43:48.370Z
113,t9,PORTAL DO INSS,INFLUENCER,true,6825,,2026-01-05T17:43:34.644Z,2026-01-22T15:47:46.880Z
114,f4,FINANCEOLOGIA,INFLUENCER,true,6882,,2026-01-05T17:43:34.664Z,2026-01-22T15:48:02.565Z
115,p9,Pobre,INFLUENCER,true,6894,,2026-01-05T17:43:34.682Z,2026-01-22T15:48:04.165Z
116,b5,Balian,INFLUENCER,true,6943,,2026-01-05T17:43:34.703Z,2026-01-22T15:48:11.834Z
117,c5,Cleverton,INFLUENCER,true,6948,,2026-01-05T17:43:34.726Z,2026-01-22T15:48:18.967Z
118,a7,ANTONIO GALVAO,INFLUENCER,true,6978,,2026-01-05T17:43:34.746Z,2026-01-22T15:48:25.539Z
119,n6,LINKEDIN,CANAL,true,,,2026-01-05T17:43:34.766Z,2026-01-05T17:43:48.558Z
121,n7,NEWS MONEY,INFLUENCER,true,7061,,2026-01-05T17:43:34.806Z,2026-01-22T15:49:28.392Z
122,k2,KWAI NHP,CANAL,true,5045,,2026-01-05T17:43:34.826Z,2026-01-22T15:49:44.382Z
123,sa01,SMS,CANAL,true,1255,,2026-01-07T12:51:06.372Z,2026-01-22T15:50:07.816Z
124,sa1,SMS,CANAL,true,1255,,2026-01-07T17:22:40.915Z,2026-01-22T15:50:08.717Z
126,e5,E-MAIL ME AJUDA,CANAL,true,7405,,2026-01-15T17:51:25.029Z,2026-01-22T15:50:19.241Z
127,e6,ELSON NHP,INFLUENCER,true,7406,,2026-01-15T18:10:49.675Z,2026-01-22T15:50:26.476Z
129,ac2,ANUNCIO CLT 2,TRAFEGO,true,7553,,2026-01-22T13:48:31.598Z,2026-04-14T12:38:29.478Z
130,ac3,ANUNCIO CLT 3,TRAFEGO,true,7554,,2026-01-22T13:48:48.403Z,2026-04-14T12:38:31.176Z
131,ac4,ANUNCIO CLT 4,TRAFEGO,true,7555,,2026-01-22T13:49:05.709Z,2026-04-14T12:38:32.694Z
132,ac5,ANUNCIO CLT 5,TRAFEGO,true,7556,,2026-01-22T19:46:27.481Z,2026-04-14T12:38:34.114Z
133,ac6,ANUNCIO CLT 6,TRAFEGO,true,7557,,2026-01-22T19:46:50.572Z,2026-04-14T12:38:35.469Z
134,ac7,ANUNCIO CLT 7,TRAFEGO,true,7558,,2026-01-22T19:47:19.325Z,2026-04-14T12:38:36.840Z
135,ac8,ANUNCIO CLT 8,TRAFEGO,true,7559,,2026-01-22T19:47:47.701Z,2026-04-14T12:38:38.384Z
136,ac9,ANUNCIO CLT 9,TRAFEGO,true,7560,,2026-01-22T19:48:03.527Z,2026-04-14T12:38:39.605Z
137,ac10,ANUNCIO CLT 10,TRAFEGO,true,7561,,2026-01-22T19:48:21.340Z,2026-04-14T12:38:40.841Z
138,ac11,ANUNCIO CLT 11,TRAFEGO,true,7562,,2026-01-22T19:48:59.216Z,2026-04-14T12:38:42.445Z
139,ac12,ANUNCIO CLT 12,TRAFEGO,true,7563,,2026-01-22T19:49:16.121Z,2026-04-14T12:38:43.907Z
140,ac13,ANUNCIO CLT 13,TRAFEGO,true,7564,,2026-01-22T19:49:30.577Z,2026-04-14T12:38:45.378Z
141,ac14,ANUNCIO CLT 14,TRAFEGO,true,7565,,2026-01-22T19:49:46.342Z,2026-04-14T12:38:46.657Z
142,ac15,ANUNCIO CLT 15,TRAFEGO,true,7566,,2026-01-22T19:50:14.339Z,2026-04-14T12:38:47.741Z
143,ac16,ANUNCIO CLT 16,TRAFEGO,true,7567,,2026-01-22T19:50:32.828Z,2026-04-14T12:38:49.272Z
144,af1,ANUNCIO 1 FGTS,TRAFEGO,true,7572,,2026-01-22T19:50:48.188Z,2026-04-14T12:38:53.102Z
145,af2,ANUNCIO 2 FGTS,TRAFEGO,true,7573,,2026-01-23T17:44:53.260Z,2026-04-14T12:38:54.691Z
146,af3,ANUNCIO 3 FGTS,TRAFEGO,true,7574,,2026-01-23T17:45:21.253Z,2026-04-14T12:38:55.881Z
147,af4,ANUNCIO 4 FGTS,TRAFEGO,true,7575,,2026-01-23T17:45:35.775Z,2026-04-14T12:38:56.958Z
148,af5,ANUNCIO 5 FGTS,TRAFEGO,true,7576,,2026-01-23T17:46:00.076Z,2026-04-14T12:38:58.111Z
149,af6,ANUNCIO 6 FGTS,TRAFEGO,true,7577,,2026-01-23T17:46:16.333Z,2026-04-14T12:38:59.265Z
150,af7,ANUNCIO 7 FGTS,TRAFEGO,true,7578,,2026-01-23T17:46:33.707Z,2026-04-14T12:39:00.466Z
151,af8,ANUNCIO 8 FGTS,TRAFEGO,true,7579,,2026-01-23T17:46:47.614Z,2026-04-14T12:39:03.336Z
152,af9,ANUNCIO 9 FGTS,TRAFEGO,true,7580,,2026-01-23T17:46:59.863Z,2026-04-14T12:39:04.765Z
153,af10,ANUNCIO 10 FGTS,TRAFEGO,true,7581,,2026-01-23T17:47:12.321Z,2026-04-14T12:39:06.786Z
154,af11,ANUNCIO 11 FGTS,TRAFEGO,true,7582,,2026-01-23T17:47:42.681Z,2026-04-14T12:39:08.032Z
155,af12,ANUNCIO 12 FGTS,TRAFEGO,true,7583,,2026-01-23T17:48:16.703Z,2026-04-14T12:39:09.465Z
156,af13,ANUNCIO 13 FGTS,TRAFEGO,true,7584,,2026-01-23T17:48:30.890Z,2026-04-14T12:39:11.581Z
157,af14,ANUNCIO 14 FGTS,TRAFEGO,true,7585,,2026-01-23T17:48:46.122Z,2026-04-14T12:39:12.811Z
158,af15,ANUNCIO 15 FGTS,TRAFEGO,true,7586,,2026-01-23T17:49:00.130Z,2026-04-14T12:39:14.032Z
159,af16,ANUNCIO 16 FGTS,TRAFEGO,true,7587,,2026-01-23T17:49:13.113Z,2026-04-14T12:39:15.661Z
160,s7,LARISSA STEIMBACH,INFLUENCER,true,7594,,2026-01-26T19:35:37.424Z,2026-01-26T19:38:57.322Z
161,m7,MAPA DAS FINANÇAS,INFLUENCER,true,7607,,2026-01-28T18:45:05.031Z,2026-01-28T18:45:41.851Z
162,t1,ANUNCIO SITE CLT,TRAFEGO,false,,,2026-02-07T02:25:03.198Z,2026-04-14T12:39:22.847Z
163,cj1,CANAL DO JEFINHO YT,INFLUENCER,true,7814,,2026-02-10T15:05:57.295Z,2026-02-10T16:09:57.911Z
164,cj2,CANAL DO JEFINHO TK,INFLUENCER,true,7815,,2026-02-10T15:07:05.159Z,2026-02-10T16:10:03.508Z
165,yf1,ANUNCIO 1 FGTS YOUTUBE,TRAFEGO,true,7816,,2026-02-10T19:29:28.304Z,2026-04-14T12:39:32.795Z
166,yc1,ANUNCIO 1 CLT YOUTUBE,TRAFEGO,true,7588,,2026-02-12T21:16:48.850Z,2026-04-14T12:39:34.092Z
167,yc2,ANUNCIO 2 CLT YOUTUBE,TRAFEGO,true,7832,,2026-02-12T21:17:49.158Z,2026-04-14T12:39:35.106Z
168,br1,BR NOTICIAS,INFLUENCER,true,7850,,2026-02-13T19:49:35.568Z,2026-02-13T19:50:21.113Z
169,af17,ANUNCIO 17 FGTS,TRAFEGO,true,7866,,2026-02-18T16:12:52.164Z,2026-04-14T12:39:36.237Z
170,af18,ANUNCIO 18 FGTS,TRAFEGO,true,7867,,2026-02-18T16:13:37.492Z,2026-04-14T12:39:37.798Z
171,af19,ANUNCIO 19 FGTS,TRAFEGO,true,7868,,2026-02-18T16:13:55.894Z,2026-04-14T12:39:38.823Z
172,af20,ANUNCIO 20 FGTS,TRAFEGO,true,7869,,2026-02-18T16:14:38.118Z,2026-04-14T12:39:40.491Z
173,af21,ANUNCIO 21 FGTS,TRAFEGO,true,7870,,2026-02-18T16:15:48.415Z,2026-04-14T12:39:41.505Z
174,af22,ANUNCIO 22 FGTS,TRAFEGO,true,7871,,2026-02-18T16:16:00.607Z,2026-04-14T12:39:42.520Z
175,ac17,ANUNCIO CLT 17,TRAFEGO,true,7872,,2026-02-18T16:20:30.383Z,2026-04-14T12:39:44.064Z
176,ac18,ANUNCIO CLT 18,TRAFEGO,true,7873,,2026-02-18T16:21:06.947Z,2026-04-14T12:39:45.768Z
177,ac19,ANUNCIO CLT 19,TRAFEGO,true,7874,,2026-02-18T16:22:21.684Z,2026-04-14T12:39:46.867Z
178,ac20,ANUNCIO CLT 20,TRAFEGO,true,7875,,2026-02-18T16:22:34.244Z,2026-04-14T12:39:47.987Z
179,ac21,ANUNCIO CLT 21,TRAFEGO,true,7876,,2026-02-18T16:23:19.217Z,2026-04-14T12:39:49.222Z
180,ac22,ANUNCIO CLT 22,TRAFEGO,true,7877,,2026-02-18T16:24:27.715Z,2026-04-14T12:39:50.335Z
181,ab1,ANUNCIO 1 BOLSA,TRAFEGO,true,7900,,2026-02-19T20:35:06.718Z,2026-05-25T21:01:29.875Z
182,ab2,ANUNCIO 2 BOLSA,TRAFEGO,true,7901,AB,2026-02-19T20:35:43.504Z,2026-05-25T21:01:15.733Z
183,ab3,ANUNCIO 3 BOLSA,TRAFEGO,true,7902,AB,2026-02-19T20:35:58.192Z,2026-05-25T21:01:19.593Z
184,ab4,ANUNCIO 4 BOLSA,TRAFEGO,true,7903,AB,2026-02-19T20:36:35.244Z,2026-05-25T21:01:16.737Z
185,ab5,ANUNCIO 5 BOLSA,TRAFEGO,true,7904,AB,2026-02-19T20:36:46.940Z,2026-05-25T21:01:14.146Z
186,ab6,ANUNCIO 6 BOLSA,TRAFEGO,true,7905,AB,2026-02-19T20:36:59.044Z,2026-05-25T21:01:18.447Z
187,ab7,ANUNCIO 7 BOLSA,TRAFEGO,true,7911,AB,2026-02-20T14:31:15.125Z,2026-05-25T21:01:21.010Z
188,ab8,ANUNCIO 8 BOLSA,TRAFEGO,true,7912,AB,2026-02-20T14:31:56.810Z,2026-05-25T21:01:33.055Z
189,ab9,ANUNCIO 9 BOLSA,TRAFEGO,true,7913,AB,2026-02-20T15:47:12.477Z,2026-05-25T21:01:35.265Z
190,ab10,ANUNCIO 10 BOLSA,TRAFEGO,true,7914,AB,2026-02-20T15:48:03.083Z,2026-05-25T21:01:22.248Z
191,ab11,ANUNCIO 11 BOLSA,TRAFEGO,true,7916,AB,2026-02-20T15:48:39.053Z,2026-05-25T21:01:36.048Z
192,ab12,ANUNCIO 12 BOLSA,TRAFEGO,true,7917,AB,2026-02-20T15:49:06.674Z,2026-05-25T21:01:37.568Z
193,ab13,ANUNCIO 13 BOLSA,TRAFEGO,true,7918,AB,2026-02-20T15:49:28.089Z,2026-05-25T21:01:39.818Z
194,ab14,ANUNCIO 14 BOLSA,TRAFEGO,true,7919,AB,2026-02-20T15:49:48.351Z,2026-05-25T21:01:40.487Z
195,ab15,ANUNCIO 15 BOLSA,TRAFEGO,true,7920,AB,2026-02-20T15:50:05.162Z,2026-05-25T21:01:42.294Z
196,ab16,ANUNCIO 16 BOLSA,TRAFEGO,true,7922,AB,2026-02-20T15:50:23.568Z,2026-05-25T21:01:44.247Z
197,ab17,ANUNCIO 17 BOLSA,TRAFEGO,true,7923,AB,2026-02-20T15:50:59.650Z,2026-05-25T21:01:44.967Z
198,ab18,ANUNCIO 18 BOLSA,TRAFEGO,true,7924,AB,2026-02-20T15:51:14.163Z,2026-05-25T21:01:48.952Z
199,ab19,ANUNCIO 19 BOLSA,TRAFEGO,true,7925,AB,2026-02-20T15:51:40.768Z,2026-05-25T21:01:54.080Z
200,ab20,ANUNCIO 20 BOLSA,TRAFEGO,true,7926,AB,2026-02-20T15:52:06.598Z,2026-05-25T21:01:56.006Z
201,ct1,ANUNCIO 1 CLT WHATS,TRAFEGO,true,7980,,2026-02-27T18:19:32.262Z,2026-04-14T12:40:19.842Z
202,ct2,ANUNCIO 2 CLT WHATS,TRAFEGO,true,7981,,2026-02-27T18:20:41.318Z,2026-04-14T12:40:20.941Z
203,ct3,ANUNCIO 3 CLT WHATS,TRAFEGO,true,7982,,2026-02-27T18:20:53.181Z,2026-04-14T12:40:22.410Z
204,ft1,ANUNCIO 1 FGTS WHATS,TRAFEGO,true,7983,,2026-02-27T18:21:11.830Z,2026-04-14T12:40:27.653Z
205,ft2,ANUNCIO 2 FGTS WHATS,TRAFEGO,true,7984,,2026-02-27T18:21:56.096Z,2026-04-14T12:40:29.370Z
206,ft3,ANUNCIO 3 FGTS WHATS,TRAFEGO,true,7985,,2026-02-27T18:22:09.139Z,2026-04-14T12:40:30.735Z
207,ia1,INSTAGRAM ARRAIS,INFLUENCER,true,7986,,2026-02-27T20:07:03.774Z,2026-02-27T20:08:05.135Z
208,e7,ELIZETE,INFLUENCER,true,8122,,2026-03-09T18:14:51.782Z,2026-03-09T18:15:07.412Z
209,sf1,SMS FGTS,REMARKETING,true,8126,,2026-03-10T12:46:15.530Z,2026-04-14T12:40:39.987Z
210,sc1,SMS CLT,REMARKETING,true,8127,,2026-03-10T12:47:01.333Z,2026-04-14T12:40:41.735Z
211,sb1,SMS BOLSA,REMARKETING,true,8129,,2026-03-10T14:19:54.995Z,2026-04-14T12:40:42.749Z
212,b07,DISPARO BROTHERS,REMARKETING,true,8157,,2026-03-12T19:49:52.921Z,2026-04-14T12:40:45.426Z
214,f5,FOCO NOTICIAS,INFLUENCER,true,"8393
",,2026-03-20T16:23:17.683Z,2026-03-20T16:23:52.267Z
215,d5,DIOGO DO BOLSA,INFLUENCER,true,8394,,2026-03-20T16:47:17.894Z,2026-03-20T16:47:57.522Z
216,ab0,ANUNCIO 0 BOLSA,TRAFEGO,true,8575,AB,2026-03-23T13:26:36.138Z,2026-05-25T21:01:57.387Z
217,bc06,DISPARO BROTHERS,REMARKETING,true,8574,,2026-03-24T17:08:21.632Z,2026-04-14T12:40:47.415Z
218,ac0,ANUNCIO 0 CLT,TRAFEGO,true,8576,,2026-03-24T17:11:11.260Z,2026-04-14T12:40:52.370Z
219,cj3,CANAL DO JEFINHO CLT,INFLUENCER,true,8583,,2026-03-25T14:13:09.309Z,2026-03-25T14:13:49.710Z
220,af0,ANUNCIO 0 FGTS,TRAFEGO,true,8177,,2026-03-25T16:37:11.536Z,2026-04-14T12:40:57.699Z
221,s8,SABRINA,INFLUENCER,true,8632,,2026-03-31T18:07:44.996Z,2026-03-31T18:08:09.668Z
222,c6,CELINA,INFLUENCER,true,8637,,2026-04-01T17:41:50.746Z,2026-04-01T17:44:28.676Z
223,p8,PEDRO LIMPA NOME,INFLUENCER,true,8677,,2026-04-07T19:18:52.409Z,2026-04-07T19:19:19.603Z
224,d7,DANI,INFLUENCER,true,8682,,2026-04-08T18:43:11.748Z,2026-04-08T18:43:30.714Z
225,r9,RAFAEL ALVES,INFLUENCER,true,8768,,2026-04-14T14:38:31.174Z,2026-04-14T16:22:58.112Z
226,f6,FALA BENEFICIARIO,INFLUENCER,true,8769,,2026-04-14T18:08:46.955Z,2026-04-14T18:09:26.334Z
227,b6,BENEFICIOS BR,INFLUENCER,true,8770,,2026-04-14T19:28:56.956Z,2026-04-14T19:30:44.935Z
228,b7,BEATRIZ DUTRA,INFLUENCER,true,8771,,2026-04-14T19:30:20.013Z,2026-04-14T19:30:58.999Z
229,b8,BENEFICIO BOLSA,INFLUENCER,true,8811,,2026-04-20T20:53:17.512Z,2026-04-20T20:54:02.360Z
230,v3,VISAO SOCIAL,INFLUENCER,true,8898,,2026-04-23T17:41:49.792Z,2026-04-23T17:45:12.965Z
231,f7,FUXICO BRASIL,INFLUENCER,true,8901,,2026-04-23T18:49:29.979Z,2026-04-23T18:49:54.538Z
232,d8,DPTO TE AVISA,INFLUENCER,true,8968,,2026-04-28T13:53:43.063Z,2026-04-28T13:55:18.613Z
233,b08,DISPARO DAVI,REMARKETING,true,8969,,2026-04-28T14:16:20.184Z,2026-04-28T14:17:02.123Z
234,e8,"INFORME INSS ",INFLUENCER,true,8984,,2026-04-28T17:15:11.836Z,2026-04-28T17:15:39.139Z
235,b9,INFORME BOLSA FAMILIA,INFLUENCER,true,9000,,2026-04-29T19:46:28.826Z,2026-04-29T19:48:22.339Z
236,n8,LANNY SILVA,INFLUENCER,true,9091,,2026-05-07T13:09:47.788Z,2026-05-07T13:10:29.123Z
237,n9,NILTON PHILIPE,INFLUENCER,true,9092,,2026-05-07T13:29:38.493Z,2026-05-07T13:30:20.155Z
238,f8,FAGNER FERRAZ,INFLUENCER,true,9156,,2026-05-12T19:36:17.709Z,2026-05-12T19:41:59.169Z
239,v4,INVESTCARD,INFLUENCER,true,9157,,2026-05-12T19:49:27.908Z,2026-05-12T19:49:50.784Z
240,"c8
",CASAL INVESTE,INFLUENCER,true,9154,,2026-05-12T19:53:01.432Z,2026-05-12T19:53:26.174Z
241,g7,GABRIEL FURY,INFLUENCER,true,9155,,2026-05-12T19:53:27.273Z,2026-05-12T19:53:58.770Z
242,v5,(v5) VERIFICAR ORIGEM,INFLUENCER,true,9185,,2026-05-19T13:37:06.879Z,2026-05-21T13:44:11.792Z
243,b09,(b09) DISPARO CP,REMARKETING,true,9200,,2026-05-21T14:03:34.881Z,2026-05-21T14:08:49.139Z
244,b10,(b10) DISPARO REFIN,REMARKETING,true,9279,,2026-06-03T13:09:37.034Z,2026-06-03T13:33:54.819Z
245,b11,(b11) DISPARO RENEG,REMARKETING,true,9280,,2026-06-03T13:09:56.453Z,2026-06-03T13:33:55.199Z
246,di1,(di1) DISPARO INTERNO,REMARKETING,true,9128,,2026-06-09T18:01:25.940Z,2026-06-09T18:01:57.463Z
247,nhp,NOVO HORIZONTE,ORGANICO,true,7253,,2026-06-09T19:31:01.930Z,2026-06-09T19:31:31.287Z
248,m8,MIATELLO,INFLUENCER,true,9463,,2026-06-29T13:19:45.266Z,2026-06-29T13:20:26.231Z
249,a8,TATI,INFLUENCER,true,9465,,2026-06-29T16:24:13.309Z,2026-06-29T16:25:04.299Z
250,af01,ANUNCIO 1 FGTS,TRAFEGO,true,7572,,2026-07-01T17:33:16.998Z,2026-07-01T17:34:33.980Z
251,af02,ANUNCIO 2 FGTS,TRAFEGO,true,7573,,2026-07-01T17:34:48.728Z,2026-07-01T17:34:58.798Z
252,af03,ANUNCIO 3 FGTS,TRAFEGO,true,7574,,2026-07-01T17:35:00.244Z,2026-07-01T17:35:15.739Z
253,af04,ANUNCIO 4 FGTS,TRAFEGO,true,7575,,2026-07-01T17:35:18.638Z,2026-07-01T17:35:35.591Z
254,af05,ANUNCIO 5 FGTS,TRAFEGO,true,7576,,2026-07-01T17:35:37.159Z,2026-07-01T17:35:50.219Z
255,af06,ANUNCIO 6 FGTS,TRAFEGO,true,7577,,2026-07-01T17:35:53.447Z,2026-07-01T17:36:05.828Z
256,af07,ANUNCIO 7 FGTS,TRAFEGO,true,7578,,2026-07-01T17:36:08.016Z,2026-07-01T17:36:20.243Z
257,af08,ANUNCIO 8 FGTS,TRAFEGO,true,7579,,2026-07-01T17:36:25.788Z,2026-07-01T17:36:36.775Z
258,af09,ANUNCIO 9 FGTS,TRAFEGO,true,7580,,2026-07-01T17:36:38.301Z,2026-07-01T17:36:48.039Z
269,ac01,ANUNCIO 1 CLT,TRAFEGO,true,6142,,2026-07-01T17:39:08.041Z,2026-07-01T17:39:20.068Z
270,ac02,ANUNCIO 2 CLT,TRAFEGO,true,7553,,2026-07-01T17:39:21.830Z,2026-07-01T17:39:33.010Z
271,ac03,ANUNCIO 3 CLT,TRAFEGO,true,7554,,2026-07-01T17:39:34.490Z,2026-07-01T17:39:46.444Z
272,ac04,ANUNCIO 4 CLT,TRAFEGO,true,7555,,2026-07-01T17:39:48.215Z,2026-07-01T17:39:57.117Z
273,ac05,ANUNCIO 5 CLT,TRAFEGO,true,7556,,2026-07-01T17:39:58.295Z,2026-07-01T17:40:08.157Z
274,ac06,ANUNCIO 6 CLT,TRAFEGO,true,7557,,2026-07-01T17:40:10.062Z,2026-07-01T17:40:18.661Z
275,ac07,ANUNCIO 7 CLT,TRAFEGO,true,7558,,2026-07-01T17:40:19.850Z,2026-07-01T17:40:28.756Z
276,ac08,ANUNCIO 8 CLT,TRAFEGO,true,7559,,2026-07-01T17:40:29.827Z,2026-07-01T17:40:43.579Z
277,ac09,ANUNCIO 9 CLT,TRAFEGO,true,7560,,2026-07-01T17:40:45.045Z,2026-07-01T17:40:55.841Z
279,jt1,JUNIOR ARRAIS TK,INFLUENCER,true,9474,,2026-07-02T14:07:42.814Z,2026-07-02T14:09:20.615Z
280,jy1,JUNIOR ARRAIS YT,INFLUENCER,true,9473,,2026-07-02T14:08:30.924Z,2026-07-02T14:09:23.631Z
281,zs1," TESTE MATEUS",INFLUENCER,true,9506,,2026-07-07T18:43:26.310Z,2026-07-07T18:54:48.931Z
282,mb7,MAPA DAS FINANÇAS BOLSA FAMÍLIA,INFLUENCER,true,7438,,2026-08-06T17:37:52.518Z,2026-08-06T17:38:29.408Z